"dependent.var","independent.var","dependent.var.value","independent.var.value","numbers","se","min","max","repeat.var","repeat.var.value"
"pev_score","yes_no_host","1","no",0.00489446394240181,NA,-0.00288418472307973,0.0126731126078834,NA,NA
"pev_score","yes_no_host","2","no",0.117491124215569,NA,0.0822441467436833,0.152738101687455,NA,NA
"pev_score","yes_no_host","3","no",0.612025420176832,NA,0.556117818242308,0.667933022111357,NA,NA
"pev_score","yes_no_host","4","no",0.265588991665197,NA,0.215209706105405,0.315968277224989,NA,NA
"pev_score","yes_no_host","1","yes",0.0313948088297282,NA,0.0105542266507813,0.052235391008675,NA,NA
"pev_score","yes_no_host","2","yes",0.197981722155461,NA,0.165496667765297,0.230466776545624,NA,NA
"pev_score","yes_no_host","3","yes",0.755950912085618,NA,0.720674502981289,0.791227321189947,NA,NA
"pev_score","yes_no_host","4","yes",0.0146725569291935,NA,0.00592488181682531,0.0234202320415616,NA,NA
"edu_score","yes_no_host","1","no",0.185886091412128,NA,0.14151087011222,0.230261312712035,NA,NA
"edu_score","yes_no_host","2","no",0.504800252284621,NA,0.45181470614302,0.557785798426222,NA,NA
"edu_score","yes_no_host","3","no",0.26357483900625,NA,0.225598806018521,0.301550871993979,NA,NA
"edu_score","yes_no_host","4","no",0.0457388172970014,NA,0.0274139355330385,0.0640636990609644,NA,NA
"edu_score","yes_no_host","1","yes",0.193047417320268,NA,0.165047772900976,0.22104706173956,NA,NA
"edu_score","yes_no_host","2","yes",0.528970172011599,NA,0.486844649034876,0.571095694988321,NA,NA
"edu_score","yes_no_host","3","yes",0.230357869486472,NA,0.200954057924107,0.259761681048838,NA,NA
"edu_score","yes_no_host","4","yes",0.0476245411816609,NA,0.033681175056322,0.0615679073069998,NA,NA
"nut_score","yes_no_host","1","no",0.143408694382046,NA,0.105832009861172,0.180985378902919,NA,NA
"nut_score","yes_no_host","2","no",0.222407132558637,NA,0.176619041466948,0.268195223650325,NA,NA
"nut_score","yes_no_host","3","no",0.347477838926886,NA,0.305607142145263,0.38934853570851,NA,NA
"nut_score","yes_no_host","4","no",0.286706334132431,NA,0.239246013782527,0.334166654482335,NA,NA
"nut_score","yes_no_host","1","yes",0.138694073620309,NA,0.115995697692913,0.161392449547705,NA,NA
"nut_score","yes_no_host","2","yes",0.210911536312978,NA,0.185679184301746,0.236143888324211,NA,NA
"nut_score","yes_no_host","3","yes",0.348646146426536,NA,0.290941138014579,0.406351154838493,NA,NA
"nut_score","yes_no_host","4","yes",0.301748243640177,NA,0.247015360483493,0.356481126796861,NA,NA
"health_score","yes_no_host","1","no",0.186114379893054,NA,0.145982558435041,0.226246201351067,NA,NA
"health_score","yes_no_host","2","no",0.516815546617946,NA,0.472827967635498,0.560803125600394,NA,NA
"health_score","yes_no_host","3","no",0.266024209125403,NA,0.231678866752588,0.300369551498218,NA,NA
"health_score","yes_no_host","4","no",0.0310458643635967,NA,0.0191579452873971,0.0429337834397962,NA,NA
"health_score","yes_no_host","1","yes",0.281912841947323,NA,0.215204128375566,0.348621555519081,NA,NA
"health_score","yes_no_host","2","yes",0.490389433326365,NA,0.448500727109846,0.532278139542883,NA,NA
"health_score","yes_no_host","3","yes",0.197523501857515,NA,0.154002836651232,0.241044167063799,NA,NA
"health_score","yes_no_host","4","yes",0.0301742228687966,NA,0.0188835197275101,0.0414649260100831,NA,NA
"snfi_score","yes_no_host","1","no",0.032480797814193,NA,0.018244038735888,0.046717556892498,NA,NA
"snfi_score","yes_no_host","2","no",0.323995984199896,NA,0.271428692515464,0.376563275884328,NA,NA
"snfi_score","yes_no_host","3","no",0.485682445014986,NA,0.43928215980649,0.532082730223482,NA,NA
"snfi_score","yes_no_host","4","no",0.157840772970925,NA,0.122213126069794,0.193468419872055,NA,NA
"snfi_score","yes_no_host","1","yes",0.0642175448621876,NA,0.0510398319270845,0.0773952577972907,NA,NA
"snfi_score","yes_no_host","2","yes",0.518811846931373,NA,0.470718374379529,0.566905319483217,NA,NA
"snfi_score","yes_no_host","3","yes",0.361230365717838,NA,0.318801443163114,0.403659288272562,NA,NA
"snfi_score","yes_no_host","4","yes",0.0557402424886014,NA,0.0409517011301426,0.0705287838470603,NA,NA
"wash_score","yes_no_host","1","no",0.00589551074709433,NA,-0.00241549620186204,0.0142065176960507,NA,NA
"wash_score","yes_no_host","2","no",0.328967116360863,NA,0.261783834764881,0.396150397956844,NA,NA
"wash_score","yes_no_host","3","no",0.563135598911807,NA,0.498892188676808,0.627379009146805,NA,NA
"wash_score","yes_no_host","4","no",0.102001773980236,NA,0.0786478801965332,0.125355667763939,NA,NA
"wash_score","yes_no_host","1","yes",0.0349278609674597,NA,0.0112151680234672,0.0586405539114522,NA,NA
"wash_score","yes_no_host","2","yes",0.580288946862059,NA,0.525579862252105,0.634998031472014,NA,NA
"wash_score","yes_no_host","3","yes",0.34090848306386,NA,0.285236172176572,0.396580793951148,NA,NA
"wash_score","yes_no_host","4","yes",0.0438747091066209,NA,0.026796003680621,0.0609534145326207,NA,NA
"fsl_score","yes_no_host","1","no",0.00195116809968614,NA,0.00100658017948961,0.00289575601988267,NA,NA
"fsl_score","yes_no_host","2","no",0.293793772189909,NA,0.25081612774202,0.336771416637798,NA,NA
"fsl_score","yes_no_host","3","no",0.600914336678894,NA,0.563053622234636,0.638775051123153,NA,NA
"fsl_score","yes_no_host","4","no",0.10334072303151,NA,0.0711123689886796,0.135569077074341,NA,NA
"fsl_score","yes_no_host","1","yes",0.0204264697476755,NA,0.00539772853423078,0.0354552109611202,NA,NA
"fsl_score","yes_no_host","2","yes",0.414308273837468,NA,0.34815128400659,0.480465263668347,NA,NA
"fsl_score","yes_no_host","3","yes",0.507398944592311,NA,0.44056742807956,0.574230461105061,NA,NA
"fsl_score","yes_no_host","4","yes",0.0578663118225454,NA,0.0377469912134696,0.0779856324316211,NA,NA
"prot_score","yes_no_host","1","no",0.0361106034784046,NA,0.0175870357900128,0.0546341711667963,NA,NA
"prot_score","yes_no_host","2","no",0.821151465315895,NA,0.781070139653017,0.861232790978773,NA,NA
"prot_score","yes_no_host","3","no",0.1427379312057,NA,0.106549705924659,0.178926156486742,NA,NA
"prot_score","yes_no_host","1","yes",0.0293178895169467,NA,0.0180415813902272,0.0405941976436662,NA,NA
"prot_score","yes_no_host","2","yes",0.871349212121169,NA,0.84831251447598,0.894385909766358,NA,NA
"prot_score","yes_no_host","3","yes",0.0993328983618841,NA,0.0777420385940636,0.120923758129705,NA,NA
"time_to_school_score","yes_no_host","1","no",0.510146836038483,NA,0.445520186415478,0.574773485661487,NA,NA
"time_to_school_score","yes_no_host","2","no",0.337089449936774,NA,0.28174183973388,0.392437060139667,NA,NA
"time_to_school_score","yes_no_host","3","no",0.010452070519286,NA,0.00139730428669473,0.0195068367518773,NA,NA
"time_to_school_score","yes_no_host","4","no",0.0053941672574863,NA,-0.00235089401273375,0.0131392285277064,NA,NA
"time_to_school_score","yes_no_host","5","no",0.0933516117105887,NA,0.0647708890938226,0.121932334327355,NA,NA
"time_to_school_score","yes_no_host","6","no",0.00327152174455781,NA,-9.77991590788083e-05,0.00664084264819443,NA,NA
"time_to_school_score","yes_no_host","7","no",0.0213080042635663,NA,0.0104572940833671,0.0321587144437654,NA,NA
"time_to_school_score","yes_no_host","8","no",0.0189863385292584,NA,0.00806658908028032,0.0299060879782364,NA,NA
"time_to_school_score","yes_no_host","1","yes",0.489296541206569,NA,0.44175664984714,0.536836432565998,NA,NA
"time_to_school_score","yes_no_host","2","yes",0.335583020274123,NA,0.301048207453463,0.370117833094782,NA,NA
"time_to_school_score","yes_no_host","3","yes",0.0192112081907687,NA,0.0075653268940311,0.0308570894875062,NA,NA
"time_to_school_score","yes_no_host","4","yes",0.00720482256003366,NA,-0.00156032257789588,0.0159699676979632,NA,NA
"time_to_school_score","yes_no_host","5","yes",0.103526968059135,NA,0.0758714076579377,0.131182528460332,NA,NA
"time_to_school_score","yes_no_host","6","yes",0.00618083175599655,NA,0.00198626451976633,0.0103753989922268,NA,NA
"time_to_school_score","yes_no_host","7","yes",0.0231314341688607,NA,0.0123955306935239,0.0338673376441976,NA,NA
"time_to_school_score","yes_no_host","8","yes",0.015865173784514,NA,0.006680809678225,0.0250495378908029,NA,NA
"access_to_school_score","yes_no_host","1","no",0.616569382712899,NA,0.548295872837529,0.68484289258827,NA,NA
"access_to_school_score","yes_no_host","6","no",0.383430617287101,NA,0.31515710741173,0.451704127162471,NA,NA
"access_to_school_score","yes_no_host","1","yes",0.773748602532142,NA,0.724905315342014,0.82259188972227,NA,NA
"access_to_school_score","yes_no_host","6","yes",0.226251397467858,NA,0.17740811027773,0.275094684657986,NA,NA
"time_to_nutrition_center_score","yes_no_host","1","no",0.36862945466876,NA,0.322663566887585,0.414595342449934,NA,NA
"time_to_nutrition_center_score","yes_no_host","2","no",0.346452349962785,NA,0.29985957074487,0.393045129180699,NA,NA
"time_to_nutrition_center_score","yes_no_host","3","no",0.0500199672544177,NA,0.0296814463252086,0.0703584881836267,NA,NA
"time_to_nutrition_center_score","yes_no_host","4","no",0.0280786278191901,NA,0.00345790797261435,0.0526993476657658,NA,NA
"time_to_nutrition_center_score","yes_no_host","5","no",0.115575962018753,NA,0.0909497109887955,0.14020221304871,NA,NA
"time_to_nutrition_center_score","yes_no_host","6","no",0.0160234512393481,NA,0.00706499437132732,0.0249819081073689,NA,NA
"time_to_nutrition_center_score","yes_no_host","7","no",0.047128243287903,NA,0.023438393887747,0.070818092688059,NA,NA
"time_to_nutrition_center_score","yes_no_host","8","no",0.0280919437488438,NA,0.0146410251722896,0.0415428623253979,NA,NA
"time_to_nutrition_center_score","yes_no_host","1","yes",0.352096959871793,NA,0.302756307567315,0.401437612176272,NA,NA
"time_to_nutrition_center_score","yes_no_host","2","yes",0.315522825641938,NA,0.272847797284188,0.358197853999689,NA,NA
"time_to_nutrition_center_score","yes_no_host","3","yes",0.0559758113599941,NA,0.0337991292325802,0.0781524934874079,NA,NA
"time_to_nutrition_center_score","yes_no_host","4","yes",0.0395014845723975,NA,0.0230885117301799,0.0559144574146152,NA,NA
"time_to_nutrition_center_score","yes_no_host","5","yes",0.144753025015435,NA,0.109209565465383,0.180296484565486,NA,NA
"time_to_nutrition_center_score","yes_no_host","6","yes",0.0389535463179408,NA,0.023399370956476,0.0545077216794057,NA,NA
"time_to_nutrition_center_score","yes_no_host","7","yes",0.032856874379547,NA,0.0228265195767678,0.0428872291823262,NA,NA
"time_to_nutrition_center_score","yes_no_host","8","yes",0.020339472840954,NA,0.0121114970279182,0.0285674486539897,NA,NA
"access_to_nutrition_center_score","yes_no_host","1","no",0.669143856011689,NA,0.61983274607968,0.718454965943698,NA,NA
"access_to_nutrition_center_score","yes_no_host","4","no",0.330856143988311,NA,0.281545034056302,0.38016725392032,NA,NA
"access_to_nutrition_center_score","yes_no_host","1","yes",0.673712099880421,NA,0.615196491518382,0.73222770824246,NA,NA
"access_to_nutrition_center_score","yes_no_host","4","yes",0.326287900119579,NA,0.26777229175754,0.384803508481618,NA,NA
"time_to_health_score","yes_no_host","1","no",0.369926490890768,NA,0.3173821797563,0.422470802025235,NA,NA
"time_to_health_score","yes_no_host","2","no",0.361204794238726,NA,0.309990725538487,0.412418862938965,NA,NA
"time_to_health_score","yes_no_host","3","no",0.0924798107360422,NA,0.0571120024305184,0.127847619041566,NA,NA
"time_to_health_score","yes_no_host","4","no",0.0182689383796735,NA,0.00866723420348895,0.027870642555858,NA,NA
"time_to_health_score","yes_no_host","5","no",0.0994839579014231,NA,0.070736776089495,0.128231139713351,NA,NA
"time_to_health_score","yes_no_host","6","no",0.0127860041272933,NA,0.00507968635774052,0.0204923218968461,NA,NA
"time_to_health_score","yes_no_host","7","no",0.033692949930859,NA,0.0199990412273844,0.0473868586343335,NA,NA
"time_to_health_score","yes_no_host","8","no",0.0121570537952152,NA,0.00418984739879966,0.0201242601916307,NA,NA
"time_to_health_score","yes_no_host","1","yes",0.322194872761811,NA,0.282210077285699,0.362179668237922,NA,NA
"time_to_health_score","yes_no_host","2","yes",0.35457559872017,NA,0.3057745360954,0.403376661344939,NA,NA
"time_to_health_score","yes_no_host","3","yes",0.0638134475334704,NA,0.0463856165483368,0.081241278518604,NA,NA
"time_to_health_score","yes_no_host","4","yes",0.0465260213115698,NA,0.0278765153361222,0.0651755272870175,NA,NA
"time_to_health_score","yes_no_host","5","yes",0.123993986360284,NA,0.0892785068232846,0.158709465897282,NA,NA
"time_to_health_score","yes_no_host","6","yes",0.0397221324638063,NA,0.0247185118353014,0.0547257530923111,NA,NA
"time_to_health_score","yes_no_host","7","yes",0.030933530128069,NA,0.0195375511059734,0.0423295091501646,NA,NA
"time_to_health_score","yes_no_host","8","yes",0.0182404107208203,NA,0.00908355443421189,0.0273972670074287,NA,NA
"health_access_score","yes_no_host","1","no",0.637570951114292,NA,0.586454102204828,0.688687800023755,NA,NA
"health_access_score","yes_no_host","4","no",0.190950946987174,NA,0.152307739003328,0.22959415497102,NA,NA
"health_access_score","yes_no_host","5","no",0.150575633913059,NA,0.113799019521472,0.187352248304646,NA,NA
"health_access_score","yes_no_host","6","no",0.0209024679854754,NA,0.011826863195101,0.0299780727758498,NA,NA
"health_access_score","yes_no_host","1","yes",0.73439135650245,NA,0.690415807947928,0.778366905056972,NA,NA
"health_access_score","yes_no_host","4","yes",0.149584605230646,NA,0.127522819460955,0.171646391000337,NA,NA
"health_access_score","yes_no_host","5","yes",0.0985108452028916,NA,0.0730232198130357,0.123998470592748,NA,NA
"health_access_score","yes_no_host","6","yes",0.0175131930640124,NA,0.0116623619256163,0.0233640242024084,NA,NA
"access_to_market_score","yes_no_host","1","no",0.390505099955264,NA,0.329644259649507,0.451365940261021,NA,NA
"access_to_market_score","yes_no_host","2","no",0.323550368660526,NA,0.256951510050218,0.390149227270835,NA,NA
"access_to_market_score","yes_no_host","3","no",0.0505365076053263,NA,0.0283197691126124,0.0727532460980402,NA,NA
"access_to_market_score","yes_no_host","4","no",0.0133570314339664,NA,0.00568127660727232,0.0210327862606604,NA,NA
"access_to_market_score","yes_no_host","5","no",0.128754342603559,NA,0.0924593615678019,0.165049323639317,NA,NA
"access_to_market_score","yes_no_host","6","no",0.00401746201432097,NA,-0.000586716926886725,0.00862164095552867,NA,NA
"access_to_market_score","yes_no_host","7","no",0.0493573727956206,NA,0.0350115378514673,0.063703207739774,NA,NA
"access_to_market_score","yes_no_host","8","no",0.0399218149314157,NA,0.00212606170677098,0.0777175681560604,NA,NA
"access_to_market_score","yes_no_host","1","yes",0.415157249452336,NA,0.364507899014478,0.465806599890194,NA,NA
"access_to_market_score","yes_no_host","2","yes",0.313693595183893,NA,0.278095097860241,0.349292092507546,NA,NA
"access_to_market_score","yes_no_host","3","yes",0.0365340472777322,NA,0.0257199879658142,0.0473481065896502,NA,NA
"access_to_market_score","yes_no_host","4","yes",0.0386642813281708,NA,0.0208480941819178,0.0564804684744238,NA,NA
"access_to_market_score","yes_no_host","5","yes",0.11386218128112,NA,0.0832871179353021,0.144437244626937,NA,NA
"access_to_market_score","yes_no_host","6","yes",0.0319034791803009,NA,0.0171246292304175,0.0466823291301843,NA,NA
"access_to_market_score","yes_no_host","7","yes",0.0305450301589544,NA,0.0188331645139102,0.0422568958039985,NA,NA
"access_to_market_score","yes_no_host","8","yes",0.0196401361374929,NA,0.0100186297268467,0.0292616425481392,NA,NA
"time_to_water_source_score","yes_no_host","1","no",0.606834955306403,NA,0.556916477834834,0.656753432777973,NA,NA
"time_to_water_source_score","yes_no_host","3","no",0.232990685209371,NA,0.192001090468325,0.273980279950418,NA,NA
"time_to_water_source_score","yes_no_host","5","no",0.11216168893961,NA,0.084565204293911,0.13975817358531,NA,NA
"time_to_water_source_score","yes_no_host","7","no",0.0266802950228194,NA,0.0138280069527658,0.0395325830928729,NA,NA
"time_to_water_source_score","yes_no_host","8","no",0.0213323755217955,NA,0.00112146335830319,0.0415432876852879,NA,NA
"time_to_water_source_score","yes_no_host","1","yes",0.615001879998568,NA,0.564640291003871,0.665363468993264,NA,NA
"time_to_water_source_score","yes_no_host","3","yes",0.221038951565265,NA,0.193779949513806,0.248297953616723,NA,NA
"time_to_water_source_score","yes_no_host","5","yes",0.118827232507738,NA,0.0876714105134345,0.149983054502042,NA,NA
"time_to_water_source_score","yes_no_host","7","yes",0.0353258987547195,NA,0.0227032833417065,0.0479485141677326,NA,NA
"time_to_water_source_score","yes_no_host","8","yes",0.00980603717370982,NA,0.00532844499768765,0.014283629349732,NA,NA
"distance_latrine_score","yes_no_host","1","no",0.832262058682079,NA,0.789409640511567,0.875114476852592,NA,NA
"distance_latrine_score","yes_no_host","3","no",0.115152716002877,NA,0.082729460036651,0.147575971969103,NA,NA
"distance_latrine_score","yes_no_host","5","no",0.0399901556769981,NA,0.022369645001374,0.0576106663526222,NA,NA
"distance_latrine_score","yes_no_host","7","no",0.00518491777824045,NA,0.00112926003359968,0.00924057552288123,NA,NA
"distance_latrine_score","yes_no_host","8","no",0.00741015185980527,NA,-0.00436970182769353,0.0191900055473041,NA,NA
"distance_latrine_score","yes_no_host","1","yes",0.825842625232769,NA,0.787537496513588,0.864147753951951,NA,NA
"distance_latrine_score","yes_no_host","3","yes",0.118897032181087,NA,0.0865746645110923,0.151219399851083,NA,NA
"distance_latrine_score","yes_no_host","5","yes",0.0420501291259888,NA,0.0291662816132019,0.0549339766387756,NA,NA
"distance_latrine_score","yes_no_host","7","yes",0.00883913622259107,NA,0.0019606691281003,0.0157176033170819,NA,NA
"distance_latrine_score","yes_no_host","8","yes",0.00437107723756329,NA,-0.000425496272014916,0.0091676507471415,NA,NA
"handwashing_access_score","yes_no_host","1","no",0.802716884162999,NA,0.758925464025451,0.846508304300547,NA,NA
"handwashing_access_score","yes_no_host","3","no",0.126900769110062,NA,0.0963171703154634,0.15748436790466,NA,NA
"handwashing_access_score","yes_no_host","5","no",0.0300365513906438,NA,0.0144358919927228,0.0456372107885649,NA,NA
"handwashing_access_score","yes_no_host","7","no",0.0147579156829382,NA,0.00517168771682026,0.0243441436490561,NA,NA
"handwashing_access_score","yes_no_host","8","no",0.025587879653357,NA,0.00476202131858308,0.0464137379881309,NA,NA
"handwashing_access_score","yes_no_host","1","yes",0.776552706786353,NA,0.739262649133454,0.813842764439252,NA,NA
"handwashing_access_score","yes_no_host","3","yes",0.136903414098183,NA,0.109162411372322,0.164644416824044,NA,NA
"handwashing_access_score","yes_no_host","5","yes",0.0570819190229536,NA,0.0401336252799297,0.0740302127659776,NA,NA
"handwashing_access_score","yes_no_host","7","yes",0.0173500784280616,NA,0.0102229723768884,0.0244771844792347,NA,NA
"handwashing_access_score","yes_no_host","8","yes",0.012111881664448,NA,0.006211295949649,0.018012467379247,NA,NA
"lost_income_score","yes_no_host","1","no",0.53177647189925,NA,0.472324702889994,0.591228240908506,NA,NA
"lost_income_score","yes_no_host","7","no",0.46822352810075,NA,0.408771759091494,0.527675297110006,NA,NA
"lost_income_score","yes_no_host","1","yes",0.545247906906228,NA,0.500536514032474,0.589959299779982,NA,NA
"lost_income_score","yes_no_host","7","yes",0.454752093093772,NA,0.410040700220018,0.499463485967526,NA,NA
"lost_livestock_score","yes_no_host","1","no",0.15381735447331,NA,0.102567011091293,0.205067697855326,NA,NA
"lost_livestock_score","yes_no_host","4","no",0.139287553035182,NA,0.084543616681722,0.194031489388642,NA,NA
"lost_livestock_score","yes_no_host","5","no",0.230409781125784,NA,0.056239894484418,0.404579667767151,NA,NA
"lost_livestock_score","yes_no_host","6","no",0.149915733653608,NA,0.0724612374110552,0.227370229896161,NA,NA
"lost_livestock_score","yes_no_host","7","no",0.326569577712116,NA,0.16308180456765,0.490057350856582,NA,NA
"lost_livestock_score","yes_no_host","1","yes",0.221837418732334,NA,0.17736135058944,0.266313486875228,NA,NA
"lost_livestock_score","yes_no_host","4","yes",0.276558450425204,NA,0.224488634182149,0.32862826666826,NA,NA
"lost_livestock_score","yes_no_host","5","yes",0.242570477620909,NA,0.200407203286561,0.284733751955258,NA,NA
"lost_livestock_score","yes_no_host","6","yes",0.164604060552994,NA,0.130538217305135,0.198669903800853,NA,NA
"lost_livestock_score","yes_no_host","7","yes",0.0944295926685585,NA,0.0696695817813265,0.119189603555791,NA,NA
"lost_land_cultivation_score","yes_no_host","1","no",0.318654134711,NA,0.14416386871478,0.49314440070722,NA,NA
"lost_land_cultivation_score","yes_no_host","4","no",0.142022068532982,NA,0.0509125986171938,0.23313153844877,NA,NA
"lost_land_cultivation_score","yes_no_host","5","no",0.236535332202305,NA,0.0888983005412165,0.384172363863394,NA,NA
"lost_land_cultivation_score","yes_no_host","6","no",0.0897127386497676,NA,0.0230262850100804,0.156399192289455,NA,NA
"lost_land_cultivation_score","yes_no_host","7","no",0.213075725903945,NA,0.106003713113655,0.320147738694236,NA,NA
"lost_land_cultivation_score","yes_no_host","1","yes",0.247892608185912,NA,0.207774365767407,0.288010850604418,NA,NA
"lost_land_cultivation_score","yes_no_host","4","yes",0.168428160977341,NA,0.129796031892129,0.207060290062553,NA,NA
"lost_land_cultivation_score","yes_no_host","5","yes",0.224708544188878,NA,0.185258293627841,0.264158794749915,NA,NA
"lost_land_cultivation_score","yes_no_host","6","yes",0.200610943644426,NA,0.160826619713329,0.240395267575522,NA,NA
"lost_land_cultivation_score","yes_no_host","7","yes",0.158359743003442,NA,0.100743366750223,0.215976119256662,NA,NA
"reason_lost_employment.flood","yes_no_host","0","no",0.980188654601798,NA,0.958864048244389,1.00151326095921,NA,NA
"reason_lost_employment.flood","yes_no_host","1","no",0.0198113453982016,NA,-0.00151326095920781,0.0411359517556111,NA,NA
"reason_lost_employment.flood","yes_no_host","0","yes",0.885977299578616,NA,0.823450796933278,0.948503802223954,NA,NA
"reason_lost_employment.flood","yes_no_host","1","yes",0.114022700421384,NA,0.0514961977760464,0.176549203066722,NA,NA
"reason_lost_employment.drought","yes_no_host","0","no",0.452858187449148,NA,0.317160857210245,0.58855551768805,NA,NA
"reason_lost_employment.drought","yes_no_host","1","no",0.547141812550852,NA,0.41144448231195,0.682839142789755,NA,NA
"reason_lost_employment.drought","yes_no_host","0","yes",0.607830295264621,NA,0.495655178718347,0.720005411810895,NA,NA
"reason_lost_employment.drought","yes_no_host","1","yes",0.392169704735379,NA,0.279994588189105,0.504344821281653,NA,NA
"reason_lost_employment.conflict","yes_no_host","0","no",0.90430895401202,NA,0.84394972148125,0.96466818654279,NA,NA
"reason_lost_employment.conflict","yes_no_host","1","no",0.09569104598798,NA,0.0353318134572103,0.15605027851875,NA,NA
"reason_lost_employment.conflict","yes_no_host","0","yes",0.8544376442249,NA,0.813010054749506,0.895865233700294,NA,NA
"reason_lost_employment.conflict","yes_no_host","1","yes",0.1455623557751,NA,0.104134766299706,0.186989945250494,NA,NA
"poverty_score_pev","yes_no_host","0","no",0.108416224202624,NA,0.0715053347501423,0.145327113655105,NA,NA
"poverty_score_pev","yes_no_host","10","no",0.105667615079306,NA,0.0837834238016663,0.127551806356945,NA,NA
"poverty_score_pev","yes_no_host","11","no",0.0955452498492426,NA,0.0668538134922638,0.124236686206221,NA,NA
"poverty_score_pev","yes_no_host","12","no",0.0635345863920857,NA,0.0380245496079591,0.0890446231762123,NA,NA
"poverty_score_pev","yes_no_host","13","no",0.159458491963521,NA,0.131560632140059,0.187356351786983,NA,NA
"poverty_score_pev","yes_no_host","14","no",0.0358352640725173,NA,0.0220032566655522,0.0496672714794825,NA,NA
"poverty_score_pev","yes_no_host","15","no",0.195026487035929,NA,0.157813807795231,0.232239166276626,NA,NA
"poverty_score_pev","yes_no_host","16","no",0.0357972910061691,NA,0.0163268526088263,0.0552677294035119,NA,NA
"poverty_score_pev","yes_no_host","5","no",8.79220138518669e-05,NA,-6.27616294278601e-05,0.000238605657131594,NA,NA
"poverty_score_pev","yes_no_host","6","no",0.00102902368566226,NA,-0.000136618739888024,0.00219466611121254,NA,NA
"poverty_score_pev","yes_no_host","7","no",0.0137733854276314,NA,0.0034564910648402,0.0240902797904226,NA,NA
"poverty_score_pev","yes_no_host","8","no",0.0269728114172124,NA,0.00601305723809529,0.0479325655963295,NA,NA
"poverty_score_pev","yes_no_host","9","no",0.158855647854248,NA,0.104752904739831,0.212958390968665,NA,NA
"poverty_score_pev","yes_no_host","0","yes",0.0576521000277387,NA,0.0279485636548102,0.0873556364006672,NA,NA
"poverty_score_pev","yes_no_host","10","yes",0.131000242681896,NA,0.106988952075504,0.155011533288288,NA,NA
"poverty_score_pev","yes_no_host","11","yes",0.0810446407928627,NA,0.06681383527861,0.0952754463071155,NA,NA
"poverty_score_pev","yes_no_host","12","yes",0.0745146906019145,NA,0.0580460790036701,0.0909833022001588,NA,NA
"poverty_score_pev","yes_no_host","13","yes",0.131271741020773,NA,0.111800264521347,0.150743217520198,NA,NA
"poverty_score_pev","yes_no_host","14","yes",0.0381338089935152,NA,0.0288571574847346,0.0474104605022958,NA,NA
"poverty_score_pev","yes_no_host","15","yes",0.180722643694586,NA,0.144164078052513,0.21728120933666,NA,NA
"poverty_score_pev","yes_no_host","16","yes",0.0303372058856392,NA,0.0141834935423824,0.0464909182288961,NA,NA
"poverty_score_pev","yes_no_host","5","yes",0.0024851282955507,NA,-0.000753818391686107,0.00572407498278751,NA,NA
"poverty_score_pev","yes_no_host","6","yes",0.0073037057663594,NA,0.000952478815200809,0.013654932717518,NA,NA
"poverty_score_pev","yes_no_host","7","yes",0.0472655279851087,NA,0.0225894457353893,0.071941610234828,NA,NA
"poverty_score_pev","yes_no_host","8","yes",0.0597742547768218,NA,0.0381051345886095,0.081443374965034,NA,NA
"poverty_score_pev","yes_no_host","9","yes",0.158494309477234,NA,0.1319097789104,0.185078840044069,NA,NA
"disp_why1","breadwinner","arrival_ags","adult_female",0.0429330361923459,NA,0.0108420832607143,0.0750239891239774,NA,NA
"disp_why1","breadwinner","conflict_community","adult_female",0.29284272259935,NA,0.225323359979489,0.360362085219212,NA,NA
"disp_why1","breadwinner","conflict_fear","adult_female",0.012622964750678,NA,-0.00104596873515204,0.0262918982365081,NA,NA
"disp_why1","breadwinner","conflict_surrounding","adult_female",0.0903435775941342,NA,0.0510913590083777,0.129595796179891,NA,NA
"disp_why1","breadwinner","dontknow","adult_female",0.011866260981198,NA,0.00808687288221113,0.0156456490801848,NA,NA
"disp_why1","breadwinner","drought","adult_female",0.137901739581526,NA,0.087492617512796,0.188310861650256,NA,NA
"disp_why1","breadwinner","eviction","adult_female",0.0419112352430587,NA,-0.0200355093439303,0.103857979830048,NA,NA
"disp_why1","breadwinner","flooding","adult_female",0.00578784005427484,NA,-0.00361521577589507,0.0151908958844447,NA,NA
"disp_why1","breadwinner","lack_edu","adult_female",0.0108671997029113,NA,-0.0104126385034198,0.0321470379092424,NA,NA
"disp_why1","breadwinner","lack_food","adult_female",0.00300347489490999,NA,-6.51628927303728e-05,0.00607211268255036,NA,NA
"disp_why1","breadwinner","lack_health","adult_female",0.0172976841337719,NA,-0.0076919248479494,0.0422872931154932,NA,NA
"disp_why1","breadwinner","lack_job","adult_female",0.176144991112788,NA,0.108681231398269,0.243608750827308,NA,NA
"disp_why1","breadwinner","lack_water","adult_female",0.0164633426771254,NA,0.00103562828609696,0.0318910570681538,NA,NA
"disp_why1","breadwinner","livestock_disease","adult_female",0.000448966188127105,NA,-0.00015077012123174,0.00104870249748595,NA,NA
"disp_why1","breadwinner","none","adult_female",0.049689239815295,NA,0.011030151168313,0.0883483284622771,NA,NA
"disp_why1","breadwinner","pressure_authorities","adult_female",0.00144479325665073,NA,-0.000587697525531983,0.00347728403883345,NA,NA
"disp_why1","breadwinner","pressure_hc","adult_female",0.00154422912540806,NA,-0.00173251655213831,0.00482097480295443,NA,NA
"disp_why1","breadwinner","threats","adult_female",0.0838366131729603,NA,0.0223811853765896,0.145292040969331,NA,NA
"disp_why1","breadwinner","withdrawal_ags","adult_female",0.00305008892348593,NA,-0.000804747759145962,0.00690492560611781,NA,NA
"disp_why1","breadwinner","arrival_ags","adult_male",0.0877515305876571,NA,0.0648052731842514,0.110697787991063,NA,NA
"disp_why1","breadwinner","conflict_community","adult_male",0.32333532109196,NA,0.0168166013029279,0.629854040880993,NA,NA
"disp_why1","breadwinner","conflict_fear","adult_male",0.00278182042125851,NA,0.000941152195541134,0.00462248864697589,NA,NA
"disp_why1","breadwinner","conflict_surrounding","adult_male",0.0517122994877976,NA,0.0169155099251321,0.0865090890504632,NA,NA
"disp_why1","breadwinner","dontknow","adult_male",0.00484014225095085,NA,0.00225457092273427,0.00742571357916743,NA,NA
"disp_why1","breadwinner","drought","adult_male",0.137812024590533,NA,0.103365148668624,0.172258900512441,NA,NA
"disp_why1","breadwinner","eviction","adult_male",0.00709722635924694,NA,0.00485716763138876,0.00933728508710512,NA,NA
"disp_why1","breadwinner","flooding","adult_male",0.0159924448052548,NA,0.00780291759768702,0.0241819720128226,NA,NA
"disp_why1","breadwinner","lack_edu","adult_male",0.00538776277759444,NA,-0.00391236637930434,0.0146878919344932,NA,NA
"disp_why1","breadwinner","lack_food","adult_male",0.00222640702830488,NA,0.000760442495110845,0.00369237156149892,NA,NA
"disp_why1","breadwinner","lack_health","adult_male",0.0610109821147757,NA,0.0481026778299108,0.0739192863996407,NA,NA
"disp_why1","breadwinner","lack_job","adult_male",0.069212772702992,NA,0.021862115794595,0.116563429611389,NA,NA
"disp_why1","breadwinner","lack_water","adult_male",0.0897210214906733,NA,-0.109000627377733,0.28844267035908,NA,NA
"disp_why1","breadwinner","livestock_disease","adult_male",0.00502576218158885,NA,-0.00149932770407612,0.0115508520672538,NA,NA
"disp_why1","breadwinner","none","adult_male",0.0733616427322113,NA,0.0290851195127259,0.117638165951697,NA,NA
"disp_why1","breadwinner","pressure_authorities","adult_male",0.00244477235659582,NA,0.00145361250699132,0.00343593220620033,NA,NA
"disp_why1","breadwinner","pressure_hc","adult_male",0.00129713637003187,NA,-0.00100435500191199,0.00359862774197573,NA,NA
"disp_why1","breadwinner","threats","adult_male",0.0570422221261336,NA,0.0174733990240421,0.096611045228225,NA,NA
"disp_why1","breadwinner","withdrawal_ags","adult_male",0.00194670852443937,NA,-0.000341348509948577,0.00423476555882731,NA,NA
"disp_why1","breadwinner","arrival_ags","eldery_female",0.0338650828423662,NA,-0.0264985860075164,0.0942287516922489,NA,NA
"disp_why1","breadwinner","conflict_community","eldery_female",0.0873757483828174,NA,0.00797431368705789,0.166777183078577,NA,NA
"disp_why1","breadwinner","conflict_fear","eldery_female",0.000536174421089457,NA,-0.000172924173786905,0.00124527301596582,NA,NA
"disp_why1","breadwinner","conflict_surrounding","eldery_female",0.0231637306358614,NA,0.00112165904752264,0.0452058022242001,NA,NA
"disp_why1","breadwinner","drought","eldery_female",0.144435763222624,NA,0.01524034232049,0.273631184124758,NA,NA
"disp_why1","breadwinner","eviction","eldery_female",0.00162359176757386,NA,-0.00171981494019446,0.00496699847534218,NA,NA
"disp_why1","breadwinner","flooding","eldery_female",0.0012117326957675,NA,-0.000983972737502427,0.00340743812903743,NA,NA
"disp_why1","breadwinner","lack_food","eldery_female",0.512300194196179,NA,0.38650904316488,0.638091345227479,NA,NA
"disp_why1","breadwinner","lack_health","eldery_female",0.00118558731191842,NA,-0.000445848790749616,0.00281702341458645,NA,NA
"disp_why1","breadwinner","lack_job","eldery_female",0.122048035578442,NA,0.00624279116991601,0.237853279986968,NA,NA
"disp_why1","breadwinner","none","eldery_female",0.0523180749967078,NA,-0.0477787731239959,0.152414923117412,NA,NA
"disp_why1","breadwinner","pressure_hc","eldery_female",0.000230488766028097,NA,-0.00024455558695643,0.000705533119012624,NA,NA
"disp_why1","breadwinner","threats","eldery_female",0.0158705131679387,NA,-0.0156529259985654,0.0473939523344429,NA,NA
"disp_why1","breadwinner","withdrawal_ags","eldery_female",0.00383528201468567,NA,-0.00320820637398661,0.0108787704033579,NA,NA
"disp_why1","breadwinner","arrival_ags","eldery_male",0.00421788339221141,NA,0.000106736185905602,0.00832903059851721,NA,NA
"disp_why1","breadwinner","conflict_community","eldery_male",0.436542865526305,NA,0.198185972865644,0.674899758186965,NA,NA
"disp_why1","breadwinner","conflict_fear","eldery_male",0.0334487761541652,NA,-0.0300008797001492,0.0968984320084797,NA,NA
"disp_why1","breadwinner","conflict_surrounding","eldery_male",0.225502264453214,NA,0.100320498989701,0.350684029916726,NA,NA
"disp_why1","breadwinner","dontknow","eldery_male",0.0421511595675806,NA,-0.0366583672083334,0.120960686343495,NA,NA
"disp_why1","breadwinner","drought","eldery_male",0.101267355152171,NA,0.0224962095705495,0.180038500733793,NA,NA
"disp_why1","breadwinner","eviction","eldery_male",0.00464631832597523,NA,-0.0013987939510534,0.0106914306030039,NA,NA
"disp_why1","breadwinner","flooding","eldery_male",0.0015148736562298,NA,-0.000536076228416056,0.00356582354087565,NA,NA
"disp_why1","breadwinner","lack_food","eldery_male",0.00169249638071907,NA,-0.000133055256428571,0.00351804801786671,NA,NA
"disp_why1","breadwinner","lack_health","eldery_male",0.00773271971748645,NA,-0.0014268683587307,0.0168923077937036,NA,NA
"disp_why1","breadwinner","lack_job","eldery_male",0.00145540381911422,NA,-0.000420363202433235,0.00333117084066168,NA,NA
"disp_why1","breadwinner","lack_water","eldery_male",0.00196089112722135,NA,-0.00050278404115332,0.00442456629559602,NA,NA
"disp_why1","breadwinner","livestock_disease","eldery_male",0.0057469872587396,NA,-0.00406134671659252,0.0155553212340717,NA,NA
"disp_why1","breadwinner","none","eldery_male",0.0238577860484505,NA,-0.0192741309836988,0.0669897030805999,NA,NA
"disp_why1","breadwinner","pressure_authorities","eldery_male",0.000506115424336639,NA,-0.000551426274179513,0.00156365712285279,NA,NA
"disp_why1","breadwinner","pressure_hc","eldery_male",0.000241405031370384,NA,-0.00026310653259342,0.000745916595334188,NA,NA
"disp_why1","breadwinner","threats","eldery_male",0.107351820114782,NA,-0.0264393530986911,0.241142993328255,NA,NA
"disp_why1","breadwinner","withdrawal_ags","eldery_male",0.000162878849928144,NA,-0.000177601367059093,0.000503359066915381,NA,NA
"disp_why1","breadwinner","arrival_ags","female_13",0.0247783633315019,NA,-0.0423854416150985,0.0919421682781022,NA,NA
"disp_why1","breadwinner","conflict_community","female_13",0.975221636668498,NA,0.908057831721898,1.0423854416151,NA,NA
"disp_why1","breadwinner","conflict_community","female_14_17",0.473711557159944,NA,0.410163212154411,0.537259902165477,NA,NA
"disp_why1","breadwinner","conflict_fear","female_14_17",0.0180057802947595,NA,-0.0149221296068896,0.0509336901964086,NA,NA
"disp_why1","breadwinner","conflict_surrounding","female_14_17",0.508282662545296,NA,0.462642165676547,0.553923159414046,NA,NA
"disp_why1","breadwinner","conflict_community","male_13",0.759151179220286,NA,0.371400785972174,1.1469015724684,NA,NA
"disp_why1","breadwinner","lack_job","male_13",0.0185780110346626,NA,-0.0208355002944656,0.0579915223637909,NA,NA
"disp_why1","breadwinner","lack_water","male_13",0.222270809745051,NA,-0.164520567580977,0.609062187071079,NA,NA
"disp_why1","breadwinner","arrival_ags","male_14_17",0.00148580075333435,NA,-0.0025138573925414,0.00548545889921009,NA,NA
"disp_why1","breadwinner","conflict_community","male_14_17",0.00041355112156393,NA,-0.000700331901251637,0.0015274341443795,NA,NA
"disp_why1","breadwinner","conflict_fear","male_14_17",0.000955738376278956,NA,-0.0012718644890758,0.00318334124163371,NA,NA
"disp_why1","breadwinner","conflict_surrounding","male_14_17",0.00146757953346226,NA,-0.00224159447201839,0.00517675353894292,NA,NA
"disp_why1","breadwinner","drought","male_14_17",0.966606709739315,NA,0.884813378354002,1.04840004112463,NA,NA
"disp_why1","breadwinner","lack_job","male_14_17",0.000777570801008312,NA,-0.00131637837032962,0.00287151997234624,NA,NA
"disp_why1","breadwinner","livestock_disease","male_14_17",0.0282930496750375,NA,-0.0467733894860159,0.103359488836091,NA,NA
"disp_why2","breadwinner","arrival_ags","adult_female",0.109052736746222,NA,-0.00939325689447443,0.227498730386918,NA,NA
"disp_why2","breadwinner","conflict_community","adult_female",0.0235254014543289,NA,0.00754742415296362,0.0395033787556942,NA,NA
"disp_why2","breadwinner","conflict_fear","adult_female",0.0995041557010708,NA,0.0581499228379088,0.140858388564233,NA,NA
"disp_why2","breadwinner","conflict_surrounding","adult_female",0.0272123950816412,NA,0.0109414851735516,0.0434833049897308,NA,NA
"disp_why2","breadwinner","dontknow","adult_female",0.00738735207139709,NA,-0.00762522637830066,0.0223999305210948,NA,NA
"disp_why2","breadwinner","drought","adult_female",0.0421039689693078,NA,0.00891619757847451,0.0752917403601412,NA,NA
"disp_why2","breadwinner","eviction","adult_female",0.0209967739626797,NA,-0.00843994966834344,0.0504334975937028,NA,NA
"disp_why2","breadwinner","flooding","adult_female",0.092800054601778,NA,-0.0258557149826377,0.211455824186194,NA,NA
"disp_why2","breadwinner","lack_edu","adult_female",0.0280579415551636,NA,-0.00822969611415344,0.0643455792244807,NA,NA
"disp_why2","breadwinner","lack_food","adult_female",0.0322028205695442,NA,0.00155487117920608,0.0628507699598823,NA,NA
"disp_why2","breadwinner","lack_health","adult_female",0.125310169823131,NA,0.0795743774929093,0.171045962153352,NA,NA
"disp_why2","breadwinner","lack_job","adult_female",0.10599734151574,NA,0.0420317875868727,0.169962895444607,NA,NA
"disp_why2","breadwinner","lack_water","adult_female",0.161580575787893,NA,0.110220572299273,0.212940579276512,NA,NA
"disp_why2","breadwinner","livestock_disease","adult_female",0.00312044717900371,NA,0.000161239296924594,0.00607965506108283,NA,NA
"disp_why2","breadwinner","none","adult_female",0.0371208532848332,NA,0.011409224621315,0.0628324819483513,NA,NA
"disp_why2","breadwinner","pressure_authorities","adult_female",0.00272059960604472,NA,-0.000422128991232972,0.0058633282033224,NA,NA
"disp_why2","breadwinner","pressure_hc","adult_female",0.000830418753724555,NA,-0.00079327638020762,0.00245411388765673,NA,NA
"disp_why2","breadwinner","threats","adult_female",0.0716561542787788,NA,0.0151709977597728,0.128141310797785,NA,NA
"disp_why2","breadwinner","withdrawal_ags","adult_female",0.0088198390577191,NA,0.00125217055822437,0.0163875075572138,NA,NA
"disp_why2","breadwinner","arrival_ags","adult_male",0.14170975365314,NA,-0.0216723342863005,0.30509184159258,NA,NA
"disp_why2","breadwinner","conflict_community","adult_male",0.0471075243065827,NA,0.013370925241332,0.0808441233718333,NA,NA
"disp_why2","breadwinner","conflict_fear","adult_male",0.0553715251337398,NA,0.0151160107753146,0.095627039492165,NA,NA
"disp_why2","breadwinner","conflict_surrounding","adult_male",0.0257511295638044,NA,0.0179718765247159,0.0335303826028928,NA,NA
"disp_why2","breadwinner","dontknow","adult_male",0.00727106712128419,NA,-0.00504872374513655,0.0195908579877049,NA,NA
"disp_why2","breadwinner","drought","adult_male",0.139164227254007,NA,-0.076543408357537,0.354871862865551,NA,NA
"disp_why2","breadwinner","eviction","adult_male",0.0312045609995032,NA,0.00461604636884277,0.0577930756301637,NA,NA
"disp_why2","breadwinner","flooding","adult_male",0.0188408471556805,NA,0.00742837197692728,0.0302533223344338,NA,NA
"disp_why2","breadwinner","lack_edu","adult_male",0.0302218412411067,NA,-0.0217896896285346,0.082233372110748,NA,NA
"disp_why2","breadwinner","lack_food","adult_male",0.0900869263532951,NA,0.063942292928048,0.116231559778542,NA,NA
"disp_why2","breadwinner","lack_health","adult_male",0.0254999506661349,NA,0.0151816721719,0.0358182291603698,NA,NA
"disp_why2","breadwinner","lack_job","adult_male",0.100569228113778,NA,0.0515885650884611,0.149549891139095,NA,NA
"disp_why2","breadwinner","lack_water","adult_male",0.0491291919068284,NA,0.0151250229823683,0.0831333608312884,NA,NA
"disp_why2","breadwinner","livestock_disease","adult_male",0.0044464049078793,NA,0.00167299642958877,0.00721981338616984,NA,NA
"disp_why2","breadwinner","none","adult_male",0.041364976923464,NA,0.00966237292687364,0.0730675809200543,NA,NA
"disp_why2","breadwinner","pressure_authorities","adult_male",0.0961692463488391,NA,-0.0745515531549379,0.266890045852616,NA,NA
"disp_why2","breadwinner","pressure_hc","adult_male",0.00427703288336192,NA,0.00305086412922048,0.00550320163750335,NA,NA
"disp_why2","breadwinner","threats","adult_male",0.0413183305763958,NA,0.0252909214001018,0.0573457397526897,NA,NA
"disp_why2","breadwinner","withdrawal_ags","adult_male",0.0504962348911754,NA,0.0301393245137349,0.0708531452686159,NA,NA
"disp_why2","breadwinner","arrival_ags","eldery_female",0.0054465313174939,NA,-0.00107184827277102,0.0119649109077588,NA,NA
"disp_why2","breadwinner","conflict_fear","eldery_female",0.0789063080193294,NA,-0.0101694672835648,0.167982083322224,NA,NA
"disp_why2","breadwinner","conflict_surrounding","eldery_female",0.0388231403071657,NA,-0.027495946951435,0.105142227565766,NA,NA
"disp_why2","breadwinner","drought","eldery_female",0.0426276616304434,NA,0.0225746078635843,0.0626807153973024,NA,NA
"disp_why2","breadwinner","eviction","eldery_female",0.00191087667548658,NA,-0.00053509440475582,0.00435684775572899,NA,NA
"disp_why2","breadwinner","flooding","eldery_female",0.00236610443139337,NA,-0.000420310766085597,0.00515251962887235,NA,NA
"disp_why2","breadwinner","lack_edu","eldery_female",0.0019965328725355,NA,-0.000520172546336773,0.00451323829140777,NA,NA
"disp_why2","breadwinner","lack_food","eldery_female",0.00625198122550463,NA,-0.00361060788977077,0.01611457034078,NA,NA
"disp_why2","breadwinner","lack_health","eldery_female",0.0892085080959485,NA,-0.0440169029144705,0.222433919106368,NA,NA
"disp_why2","breadwinner","lack_job","eldery_female",0.557123727939514,NA,0.388868767536995,0.725378688342032,NA,NA
"disp_why2","breadwinner","lack_water","eldery_female",0.0550973748718785,NA,-0.0388785501921809,0.149073299935938,NA,NA
"disp_why2","breadwinner","livestock_disease","eldery_female",0.0943936067804792,NA,-0.0816751564076101,0.270462369968569,NA,NA
"disp_why2","breadwinner","none","eldery_female",0.00334039547349697,NA,-0.000961950009394206,0.00764274095638814,NA,NA
"disp_why2","breadwinner","pressure_authorities","eldery_female",0.00102169297500881,NA,-0.00109191450889929,0.00313530045891691,NA,NA
"disp_why2","breadwinner","threats","eldery_female",0.0212966462151554,NA,0.0124943897519935,0.0300989026783173,NA,NA
"disp_why2","breadwinner","withdrawal_ags","eldery_female",0.000188911169166481,NA,-0.000202058157998333,0.000579880496331296,NA,NA
"disp_why2","breadwinner","arrival_ags","eldery_male",0.197708097686707,NA,0.085962619031629,0.309453576341785,NA,NA
"disp_why2","breadwinner","conflict_community","eldery_male",0.039918104247251,NA,0.019581990981219,0.0602542175132831,NA,NA
"disp_why2","breadwinner","conflict_fear","eldery_male",0.0884744536365226,NA,-0.0240909577549842,0.20103986502803,NA,NA
"disp_why2","breadwinner","conflict_surrounding","eldery_male",0.0314588602103147,NA,-0.0282766650568235,0.0911943854774528,NA,NA
"disp_why2","breadwinner","drought","eldery_male",0.0782873758068105,NA,0.0191226666656553,0.137452084947966,NA,NA
"disp_why2","breadwinner","eviction","eldery_male",0.000912854382763846,NA,-0.000265997388810958,0.00209170615433865,NA,NA
"disp_why2","breadwinner","flooding","eldery_male",0.00406638850039042,NA,-0.000477152193525916,0.00860992919430675,NA,NA
"disp_why2","breadwinner","lack_edu","eldery_male",0.00597753636597082,NA,-0.00345590426805126,0.0154109769999929,NA,NA
"disp_why2","breadwinner","lack_food","eldery_male",0.00249765615661139,NA,-0.000717347412077966,0.00571265972530075,NA,NA
"disp_why2","breadwinner","lack_health","eldery_male",0.00296062753687862,NA,-6.75126698268225e-05,0.00598876774358406,NA,NA
"disp_why2","breadwinner","lack_job","eldery_male",0.0942792795492543,NA,-0.0187489221855931,0.207307481284102,NA,NA
"disp_why2","breadwinner","lack_water","eldery_male",0.0375798091477936,NA,-0.0246799354584986,0.0998395537540858,NA,NA
"disp_why2","breadwinner","livestock_disease","eldery_male",0.0111722334001443,NA,-0.00736521127983493,0.0297096780801236,NA,NA
"disp_why2","breadwinner","none","eldery_male",0.0392592681422071,NA,-0.0378347155056099,0.116353251790024,NA,NA
"disp_why2","breadwinner","pressure_authorities","eldery_male",0.0398016470887982,NA,0.0212023782381417,0.0584009159394547,NA,NA
"disp_why2","breadwinner","threats","eldery_male",0.324615263893149,NA,0.0323505798382936,0.616879947948004,NA,NA
"disp_why2","breadwinner","withdrawal_ags","eldery_male",0.00103054424843306,NA,-0.0011243190421294,0.00318540753899552,NA,NA
"disp_why2","breadwinner","conflict_surrounding","female_13",0.0251659017762452,NA,-0.0430274321350932,0.0933592356875835,NA,NA
"disp_why2","breadwinner","flooding","female_13",0.974834098223755,NA,0.906640764312417,1.04302743213509,NA,NA
"disp_why2","breadwinner","conflict_community","female_14_17",0.00898622777083751,NA,-0.0152365822330431,0.0332090377747181,NA,NA
"disp_why2","breadwinner","conflict_fear","female_14_17",0.92769718623582,NA,0.771215776911887,1.08417859555975,NA,NA
"disp_why2","breadwinner","lack_job","female_14_17",0.00898622777083751,NA,-0.0150039899585903,0.0329764455002653,NA,NA
"disp_why2","breadwinner","threats","female_14_17",0.054330358222505,NA,-0.0768077012001444,0.185468417645154,NA,NA
"disp_why2","breadwinner","drought","male_13",0.22020579642104,NA,-0.163282639728472,0.603694232570551,NA,NA
"disp_why2","breadwinner","lack_job","male_13",0.35471025926304,NA,-0.0717998795118436,0.781220398037924,NA,NA
"disp_why2","breadwinner","lack_water","male_13",0.0196543501279436,NA,-0.0219569723438945,0.0612656725997817,NA,NA
"disp_why2","breadwinner","threats","male_13",0.405429594187977,NA,-0.0375808865104901,0.848440074886443,NA,NA
"disp_why2","breadwinner","arrival_ags","male_14_17",4.20860165592849e-05,NA,-7.12952516473229e-05,0.000155467284765893,NA,NA
"disp_why2","breadwinner","conflict_community","male_14_17",4.20860165592849e-05,NA,-7.12952516473229e-05,0.000155467284765893,NA,NA
"disp_why2","breadwinner","conflict_surrounding","male_14_17",0.00454731787173248,NA,-0.00711808007187727,0.0162127158153422,NA,NA
"disp_why2","breadwinner","drought","male_14_17",0.0299584724507609,NA,-0.0472455283666894,0.107162473268211,NA,NA
"disp_why2","breadwinner","eviction","male_14_17",0.00148563638454276,NA,-0.00251373548364812,0.00548500825273364,NA,NA
"disp_why2","breadwinner","flooding","male_14_17",0.000965068169241027,NA,-0.00140739273009122,0.00333752906857327,NA,NA
"disp_why2","breadwinner","lack_health","male_14_17",0.961899769730774,NA,0.873215422755121,1.05058411670643,NA,NA
"disp_why2","breadwinner","lack_job","male_14_17",0.00105956335983011,NA,-0.00139100015495337,0.00351012687461359,NA,NA
"dest_loc_why1","breadwinner","cash","adult_female",0.00569223599028773,NA,0.000532351428748253,0.0108521205518272,NA,NA
"dest_loc_why1","breadwinner","dontknow","adult_female",0.0112573097431235,NA,0.00649396841113131,0.0160206510751158,NA,NA
"dest_loc_why1","breadwinner","educ_ser","adult_female",0.0472000294503607,NA,-0.0148260013786465,0.109226060279368,NA,NA
"dest_loc_why1","breadwinner","family","adult_female",0.0147845484913685,NA,-0.00170505051388862,0.0312741474966255,NA,NA
"dest_loc_why1","breadwinner","food_dist","adult_female",0.0519826096905635,NA,-0.00932785678154013,0.113293076162667,NA,NA
"dest_loc_why1","breadwinner","health_ser","adult_female",0.0453596128182625,NA,0.0117895621780469,0.0789296634584781,NA,NA
"dest_loc_why1","breadwinner","local_food","adult_female",0.0361728552796158,NA,0.0119959724092605,0.0603497381499712,NA,NA
"dest_loc_why1","breadwinner","no_conflict","adult_female",0.388463237885386,NA,0.319725147741487,0.457201328029285,NA,NA
"dest_loc_why1","breadwinner","none","adult_female",0.0639092941260948,NA,0.0241726322828199,0.10364595596937,NA,NA
"dest_loc_why1","breadwinner","protection","adult_female",0.0266206466720141,NA,-0.00108339096852442,0.0543246843125526,NA,NA
"dest_loc_why1","breadwinner","shelter","adult_female",0.0639649773357036,NA,0.0214685446756546,0.106461409995753,NA,NA
"dest_loc_why1","breadwinner","water","adult_female",0.0148082128043117,NA,-0.000648571926398932,0.0302649975350223,NA,NA
"dest_loc_why1","breadwinner","withdrawal_ags","adult_female",0.00346394858351078,NA,-0.000403408719367898,0.00733130588638945,NA,NA
"dest_loc_why1","breadwinner","work_income","adult_female",0.226320481129397,NA,0.146664584052224,0.30597637820657,NA,NA
"dest_loc_why1","breadwinner","cash","adult_male",0.00132433021068526,NA,0.000304012312005727,0.0023446481093648,NA,NA
"dest_loc_why1","breadwinner","dontknow","adult_male",0.0152815661658182,NA,-0.015226117278234,0.0457892496098704,NA,NA
"dest_loc_why1","breadwinner","educ_ser","adult_male",0.0589673274674811,NA,0.0206020682074967,0.0973325867274656,NA,NA
"dest_loc_why1","breadwinner","family","adult_male",0.0250806879211177,NA,0.0091119376821075,0.041049438160128,NA,NA
"dest_loc_why1","breadwinner","food_dist","adult_male",0.0333441550463227,NA,0.0185534674538154,0.0481348426388299,NA,NA
"dest_loc_why1","breadwinner","health_ser","adult_male",0.101281899181482,NA,-0.0630016520447283,0.265565450407692,NA,NA
"dest_loc_why1","breadwinner","local_food","adult_male",0.0540647525920661,NA,0.0395224532782137,0.0686070519059185,NA,NA
"dest_loc_why1","breadwinner","no_conflict","adult_male",0.238612335159449,NA,0.175364555598386,0.301860114720512,NA,NA
"dest_loc_why1","breadwinner","none","adult_male",0.0499204327823722,NA,0.0193263982429261,0.0805144673218183,NA,NA
"dest_loc_why1","breadwinner","protection","adult_male",0.0695890510461256,NA,0.0510579492203738,0.0881201528718774,NA,NA
"dest_loc_why1","breadwinner","shelter","adult_male",0.0497824514662866,NA,0.0103744870539315,0.0891904158786418,NA,NA
"dest_loc_why1","breadwinner","water","adult_male",0.123903520175283,NA,-0.0829981338216262,0.330805174172191,NA,NA
"dest_loc_why1","breadwinner","withdrawal_ags","adult_male",0.000613961586536255,NA,-0.000240196370241414,0.00146811954331392,NA,NA
"dest_loc_why1","breadwinner","work_income","adult_male",0.178233529198974,NA,0.0259610420219589,0.33050601637599,NA,NA
"dest_loc_why1","breadwinner","educ_ser","eldery_female",0.000327028447414619,NA,-0.00030360544990933,0.000957662344738568,NA,NA
"dest_loc_why1","breadwinner","family","eldery_female",0.00906664259394755,NA,-0.00729749199774036,0.0254307771856355,NA,NA
"dest_loc_why1","breadwinner","food_dist","eldery_female",0.0191913840159991,NA,0.00261989974422218,0.0357628682877761,NA,NA
"dest_loc_why1","breadwinner","health_ser","eldery_female",0.0811321925621398,NA,-0.0406599287176408,0.20292431384192,NA,NA
"dest_loc_why1","breadwinner","local_food","eldery_female",0.0151472960539165,NA,0.000422323787018022,0.0298722683208149,NA,NA
"dest_loc_why1","breadwinner","no_conflict","eldery_female",0.095634898763231,NA,0.00421909912474874,0.187050698401713,NA,NA
"dest_loc_why1","breadwinner","none","eldery_female",0.0550973071494111,NA,-0.0450251389607618,0.155219753259584,NA,NA
"dest_loc_why1","breadwinner","protection","eldery_female",0.0533029939449088,NA,-0.0468375558280447,0.153443543717862,NA,NA
"dest_loc_why1","breadwinner","shelter","eldery_female",0.00910067959997048,NA,-0.00378726486929143,0.0219886240692324,NA,NA
"dest_loc_why1","breadwinner","water","eldery_female",0.566367267335558,NA,0.430460922145209,0.702273612525907,NA,NA
"dest_loc_why1","breadwinner","withdrawal_ags","eldery_female",0.00105460571855857,NA,-0.00111346655283265,0.00322267798994979,NA,NA
"dest_loc_why1","breadwinner","work_income","eldery_female",0.0945777038149445,NA,0.0344380063102039,0.154717401319685,NA,NA
"dest_loc_why1","breadwinner","cash","eldery_male",0.0014294431517745,NA,-0.00151605345594067,0.00437493975948967,NA,NA
"dest_loc_why1","breadwinner","dontknow","eldery_male",0.00374144073396361,NA,-0.00406080607769636,0.0115436875456236,NA,NA
"dest_loc_why1","breadwinner","educ_ser","eldery_male",0.0435334792963911,NA,-0.0351228589211136,0.122189817513896,NA,NA
"dest_loc_why1","breadwinner","family","eldery_male",0.00277837152077077,NA,-0.00082424834356498,0.00638099138510652,NA,NA
"dest_loc_why1","breadwinner","food_dist","eldery_male",0.0218068886700645,NA,-0.00151187806819281,0.0451256554083219,NA,NA
"dest_loc_why1","breadwinner","health_ser","eldery_male",0.0961953168335357,NA,-0.0392441081386588,0.23163474180573,NA,NA
"dest_loc_why1","breadwinner","local_food","eldery_male",0.0111543370517777,NA,-0.00616264808242047,0.0284713221859758,NA,NA
"dest_loc_why1","breadwinner","no_conflict","eldery_male",0.122475372855098,NA,0.0162312227310188,0.228719522979176,NA,NA
"dest_loc_why1","breadwinner","none","eldery_male",0.00406171476306949,NA,-0.00102281684159011,0.00914624636772909,NA,NA
"dest_loc_why1","breadwinner","protection","eldery_male",0.000399304548762265,NA,-0.000236964750349272,0.0010355738478738,NA,NA
"dest_loc_why1","breadwinner","shelter","eldery_male",0.0985090849817732,NA,0.00191180726303679,0.19510636270051,NA,NA
"dest_loc_why1","breadwinner","water","eldery_male",0.0411660974142266,NA,-0.0346551194090005,0.116987314237454,NA,NA
"dest_loc_why1","breadwinner","withdrawal_ags","eldery_male",0.0796914399562875,NA,-0.0325266379053399,0.191909517817915,NA,NA
"dest_loc_why1","breadwinner","work_income","eldery_male",0.473057708222505,NA,0.215923383079523,0.730192033365488,NA,NA
"dest_loc_why1","breadwinner","food_dist","female_13",0.975221636668498,NA,0.908057831721898,1.0423854416151,NA,NA
"dest_loc_why1","breadwinner","no_conflict","female_13",0.0247783633315019,NA,-0.0423854416150985,0.0919421682781022,NA,NA
"dest_loc_why1","breadwinner","no_conflict","female_14_17",0.526288442840056,NA,0.462740097834523,0.589836787845588,NA,NA
"dest_loc_why1","breadwinner","water","female_14_17",0.464708667012565,NA,0.38850401946608,0.540913314559049,NA,NA
"dest_loc_why1","breadwinner","work_income","female_14_17",0.00900289014737975,NA,-0.0150491915407946,0.0330549718355541,NA,NA
"dest_loc_why1","breadwinner","local_food","male_13",0.222270809745051,NA,-0.164520567580977,0.609062187071079,NA,NA
"dest_loc_why1","breadwinner","no_conflict","male_13",0.259451324461768,NA,-0.0754902468750789,0.594392895798615,NA,NA
"dest_loc_why1","breadwinner","water","male_13",0.499699854758518,NA,0.0450646167766308,0.954335092740405,NA,NA
"dest_loc_why1","breadwinner","work_income","male_13",0.0185780110346626,NA,-0.0208355002944656,0.0579915223637909,NA,NA
"dest_loc_why1","breadwinner","health_ser","male_14_17",0.00100726561597137,NA,-0.00142542376678223,0.00343995499872497,NA,NA
"dest_loc_why1","breadwinner","no_conflict","male_14_17",0.0563911566353512,NA,-0.0690425180238425,0.181824831294545,NA,NA
"dest_loc_why1","breadwinner","shelter","male_14_17",0.938043151696972,NA,0.804002374273364,1.07208392912058,NA,NA
"dest_loc_why1","breadwinner","water","male_14_17",4.20906728989899e-05,NA,-7.12987118437631e-05,0.000155480057641743,NA,NA
"dest_loc_why1","breadwinner","work_income","male_14_17",0.00451633537880623,NA,-0.00703162909307054,0.016064299850683,NA,NA
"dest_loc_why2","breadwinner","cash","adult_female",0.00972378938012003,NA,0.00593514328670203,0.013512435473538,NA,NA
"dest_loc_why2","breadwinner","dontknow","adult_female",0.0470405617935738,NA,-0.02755504566021,0.121636169247358,NA,NA
"dest_loc_why2","breadwinner","educ_ser","adult_female",0.153087194021525,NA,0.0653062024549415,0.240868185588108,NA,NA
"dest_loc_why2","breadwinner","family","adult_female",0.0331974275851686,NA,-0.0044743003012081,0.0708691554715453,NA,NA
"dest_loc_why2","breadwinner","food_dist","adult_female",0.0436874334943275,NA,0.0131968385589727,0.0741780284296822,NA,NA
"dest_loc_why2","breadwinner","health_ser","adult_female",0.145150506049972,NA,0.0958062220123473,0.194494790087596,NA,NA
"dest_loc_why2","breadwinner","local_food","adult_female",0.0418820813367476,NA,0.0114453144832059,0.0723188481902893,NA,NA
"dest_loc_why2","breadwinner","no_conflict","adult_female",0.0334439031781989,NA,0.00441473891432715,0.0624730674420707,NA,NA
"dest_loc_why2","breadwinner","none","adult_female",0.0281114914492252,NA,0.00422295461675188,0.0520000282816986,NA,NA
"dest_loc_why2","breadwinner","protection","adult_female",0.0631365789910391,NA,-0.0101827656037076,0.136455923585786,NA,NA
"dest_loc_why2","breadwinner","shelter","adult_female",0.177250927108075,NA,0.121409331181112,0.233092523035037,NA,NA
"dest_loc_why2","breadwinner","water","adult_female",0.0554535915052788,NA,0.0203230600248243,0.0905841229857333,NA,NA
"dest_loc_why2","breadwinner","withdrawal_ags","adult_female",0.0245474085862852,NA,-0.00368416200110915,0.0527789791736796,NA,NA
"dest_loc_why2","breadwinner","work_income","adult_female",0.144287105520464,NA,0.0887877071051872,0.199786503935741,NA,NA
"dest_loc_why2","breadwinner","cash","adult_male",0.00854782137816556,NA,0.00180843050487284,0.0152872122514583,NA,NA
"dest_loc_why2","breadwinner","dontknow","adult_male",0.0514162713771735,NA,0.0342395988658403,0.0685929438885068,NA,NA
"dest_loc_why2","breadwinner","educ_ser","adult_male",0.0289422156066016,NA,0.0123333809953109,0.0455510502178923,NA,NA
"dest_loc_why2","breadwinner","family","adult_male",0.103358801083636,NA,-0.107264120281435,0.313981722448707,NA,NA
"dest_loc_why2","breadwinner","food_dist","adult_male",0.147708641010929,NA,0.11476077279474,0.180656509227118,NA,NA
"dest_loc_why2","breadwinner","health_ser","adult_male",0.0711067231261707,NA,0.0465562866739509,0.0956571595783904,NA,NA
"dest_loc_why2","breadwinner","local_food","adult_male",0.0770416150904485,NA,0.0266676323248781,0.127415597856019,NA,NA
"dest_loc_why2","breadwinner","no_conflict","adult_male",0.148924915733199,NA,-0.0146338605892125,0.31248369205561,NA,NA
"dest_loc_why2","breadwinner","none","adult_male",0.0413543958919131,NA,0.00825090266261338,0.0744578891212129,NA,NA
"dest_loc_why2","breadwinner","protection","adult_male",0.0126788201322108,NA,-0.00128114250870288,0.0266387827731245,NA,NA
"dest_loc_why2","breadwinner","shelter","adult_male",0.0634035166623423,NA,0.0388428411108258,0.0879641922138589,NA,NA
"dest_loc_why2","breadwinner","water","adult_male",0.0328995462695514,NA,0.0206485698703889,0.0451505226687138,NA,NA
"dest_loc_why2","breadwinner","withdrawal_ags","adult_male",0.0077630295555055,NA,-0.0046172049350593,0.0201432640460703,NA,NA
"dest_loc_why2","breadwinner","work_income","adult_male",0.204853687082154,NA,0.0453642650028995,0.364343109161408,NA,NA
"dest_loc_why2","breadwinner","cash","eldery_female",0.00678901340147249,NA,-0.00205870785281881,0.0156367346557638,NA,NA
"dest_loc_why2","breadwinner","dontknow","eldery_female",0.00110237546752122,NA,-0.00118958988281906,0.00339434081786151,NA,NA
"dest_loc_why2","breadwinner","educ_ser","eldery_female",0.0027017952543881,NA,-0.000182355466180383,0.00558594597495658,NA,NA
"dest_loc_why2","breadwinner","family","eldery_female",0.00496090040543763,NA,-0.00434327215355783,0.0142650729644331,NA,NA
"dest_loc_why2","breadwinner","food_dist","eldery_female",0.164775133443188,NA,0.0396831802775638,0.289867086608813,NA,NA
"dest_loc_why2","breadwinner","health_ser","eldery_female",0.148342090981145,NA,0.104298754695834,0.192385427266457,NA,NA
"dest_loc_why2","breadwinner","local_food","eldery_female",0.473699401979715,NA,0.360474699351088,0.586924104608342,NA,NA
"dest_loc_why2","breadwinner","no_conflict","eldery_female",0.0228069813189376,NA,0.00988285712372512,0.03573110551415,NA,NA
"dest_loc_why2","breadwinner","none","eldery_female",0.0568529464061637,NA,-0.050027848010529,0.163733740822857,NA,NA
"dest_loc_why2","breadwinner","protection","eldery_female",0.0018723181382896,NA,-0.000567696370700457,0.00431233264727966,NA,NA
"dest_loc_why2","breadwinner","shelter","eldery_female",0.0397642671303344,NA,-0.0341829057240032,0.113711439984672,NA,NA
"dest_loc_why2","breadwinner","water","eldery_female",0.0294024163930504,NA,-0.00323266911943979,0.0620375019055406,NA,NA
"dest_loc_why2","breadwinner","withdrawal_ags","eldery_female",0.00140201442696139,NA,-0.000969224064294495,0.00377325291821727,NA,NA
"dest_loc_why2","breadwinner","work_income","eldery_female",0.0455283452533948,NA,-0.0207342277867141,0.111790918293504,NA,NA
"dest_loc_why2","breadwinner","cash","eldery_male",0.0234295353292323,NA,0.0127223703898824,0.0341367002685822,NA,NA
"dest_loc_why2","breadwinner","dontknow","eldery_male",0.000141934474155498,NA,-0.000156920544293256,0.000440789492604253,NA,NA
"dest_loc_why2","breadwinner","educ_ser","eldery_male",0.00785320844978855,NA,0.00148171762919856,0.0142246992703785,NA,NA
"dest_loc_why2","breadwinner","family","eldery_male",0.0500799477492883,NA,-0.0239960317119809,0.124155927210558,NA,NA
"dest_loc_why2","breadwinner","food_dist","eldery_male",0.397480426043801,NA,0.136837337816967,0.658123514270635,NA,NA
"dest_loc_why2","breadwinner","health_ser","eldery_male",0.0451574481811026,NA,-0.0208222309678682,0.111137127330073,NA,NA
"dest_loc_why2","breadwinner","local_food","eldery_male",0.0286252040767851,NA,-0.0120322316270751,0.0692826397806452,NA,NA
"dest_loc_why2","breadwinner","no_conflict","eldery_male",0.162503648562963,NA,0.0817566578854664,0.24325063924046,NA,NA
"dest_loc_why2","breadwinner","none","eldery_male",0.0350710402018108,NA,-0.0339466469352004,0.104088727338822,NA,NA
"dest_loc_why2","breadwinner","protection","eldery_male",0.000695848665741247,NA,-0.000146509414937005,0.0015382067464195,NA,NA
"dest_loc_why2","breadwinner","shelter","eldery_male",0.0714224767775507,NA,0.0367428077831764,0.106102145771925,NA,NA
"dest_loc_why2","breadwinner","water","eldery_male",0.0859984133421262,NA,-0.00596894314717258,0.177965769831425,NA,NA
"dest_loc_why2","breadwinner","withdrawal_ags","eldery_male",0.0012245908894937,NA,-0.000683122095913662,0.00313230387490105,NA,NA
"dest_loc_why2","breadwinner","work_income","eldery_male",0.0903162772561606,NA,-0.00101860578501632,0.181651160297338,NA,NA
"dest_loc_why2","breadwinner","health_ser","female_13",0.0263102007675374,NA,-0.0449002109247862,0.097520612459861,NA,NA
"dest_loc_why2","breadwinner","water","female_13",0.973689799232463,NA,0.902479387540139,1.04490021092479,NA,NA
"dest_loc_why2","breadwinner","dontknow","female_14_17",0.0487790034863443,NA,-0.0783461267799727,0.175904133752661,NA,NA
"dest_loc_why2","breadwinner","educ_ser","female_14_17",0.461827179536475,NA,0.379165254522957,0.544489104549993,NA,NA
"dest_loc_why2","breadwinner","family","female_14_17",0.00918887914690177,NA,-0.0152920132709652,0.0336697715647687,NA,NA
"dest_loc_why2","breadwinner","food_dist","female_14_17",0.00918887914690177,NA,-0.0152920132709652,0.0336697715647687,NA,NA
"dest_loc_why2","breadwinner","no_conflict","female_14_17",0.461827179536475,NA,0.379165254522957,0.544489104549993,NA,NA
"dest_loc_why2","breadwinner","work_income","female_14_17",0.00918887914690177,NA,-0.0155356831198739,0.0339134414136774,NA,NA
"dest_loc_why2","breadwinner","food_dist","male_13",0.142872984246203,NA,-0.127149334013579,0.412895302505984,NA,NA
"dest_loc_why2","breadwinner","no_conflict","male_13",0.287281969138371,NA,-0.136879042257854,0.711442980534596,NA,NA
"dest_loc_why2","breadwinner","work_income","male_13",0.569845046615426,NA,0.130435674938303,1.00925441829255,NA,NA
"dest_loc_why2","breadwinner","food_dist","male_14_17",0.00177740004362267,NA,-0.00208777761175275,0.00564257769899808,NA,NA
"dest_loc_why2","breadwinner","health_ser","male_14_17",0.936653631719725,NA,0.800464205550548,1.0728430578889,NA,NA
"dest_loc_why2","breadwinner","no_conflict","male_14_17",0.004067084619314,NA,-0.00686650192071738,0.0150006711593454,NA,NA
"dest_loc_why2","breadwinner","shelter","male_14_17",0.00226494867703368,NA,-0.00296829136714882,0.00749818872121619,NA,NA
"dest_loc_why2","breadwinner","water","male_14_17",0.0535298059051453,NA,-0.0676598495004199,0.174719461310711,NA,NA
"dest_loc_why2","breadwinner","work_income","male_14_17",0.00170712903515936,NA,-0.00240738168139512,0.00582163975171385,NA,NA
"aap_water_source_score","yes_no_host","1","no",0.103120462635116,NA,0.0763561925697196,0.129884732700513,NA,NA
"aap_water_source_score","yes_no_host","4","no",0.896879537364884,NA,0.870115267299487,0.92364380743028,NA,NA
"aap_water_source_score","yes_no_host","1","yes",0.149783903766456,NA,0.123582026461493,0.175985781071419,NA,NA
"aap_water_source_score","yes_no_host","4","yes",0.850216096233544,NA,0.824014218928581,0.876417973538507,NA,NA
"aap_sanitation_score","yes_no_host","1","no",0.10529333665844,NA,0.0773270180376505,0.133259655279229,NA,NA
"aap_sanitation_score","yes_no_host","4","no",0.89470666334156,NA,0.866740344720771,0.922672981962349,NA,NA
"aap_sanitation_score","yes_no_host","1","yes",0.147391881164135,NA,0.121789552102422,0.172994210225847,NA,NA
"aap_sanitation_score","yes_no_host","4","yes",0.852608118835866,NA,0.827005789774153,0.878210447897578,NA,NA
"aap_satisfaction_score","yes_no_host","1","no",0.328344416338256,NA,0.27729918388723,0.379389648789282,NA,NA
"aap_satisfaction_score","yes_no_host","5","no",0.671655583661744,NA,0.620610351210718,0.72270081611277,NA,NA
"aap_satisfaction_score","yes_no_host","1","yes",0.423399857054432,NA,0.379088177691647,0.467711536417218,NA,NA
"aap_satisfaction_score","yes_no_host","5","yes",0.576600142945568,NA,0.532288463582782,0.620911822308354,NA,NA
"aap_contact","yes_no_host","dontknow","no",0.0956290758511716,NA,0.0631977172407741,0.128060434461569,NA,NA
"aap_contact","yes_no_host","no","no",0.810739353183022,NA,0.769175212397674,0.852303493968371,NA,NA
"aap_contact","yes_no_host","yes","no",0.0936315709658061,NA,0.0704401233732006,0.116823018558412,NA,NA
"aap_contact","yes_no_host","dontknow","yes",0.0463827525604892,NA,0.0304827264430679,0.0622827786779105,NA,NA
"aap_contact","yes_no_host","no","yes",0.838783279803301,NA,0.808370095771889,0.869196463834714,NA,NA
"aap_contact","yes_no_host","yes","yes",0.114833967636209,NA,0.0888337621967982,0.140834173075621,NA,NA
"aap_grievance","yes_no_host","dontknow","no",0.142797155498712,NA,0.0992231505594519,0.186371160437972,NA,NA
"aap_grievance","yes_no_host","no","no",0.771671874121676,NA,0.726264210076392,0.81707953816696,NA,NA
"aap_grievance","yes_no_host","yes","no",0.0855309703796117,NA,0.0653966619345079,0.105665278824716,NA,NA
"aap_grievance","yes_no_host","dontknow","yes",0.0652031493461987,NA,0.0472233147141546,0.0831829839782427,NA,NA
"aap_grievance","yes_no_host","no","yes",0.804513808231923,NA,0.774633941339005,0.834393675124841,NA,NA
"aap_grievance","yes_no_host","yes","yes",0.130283042421878,NA,0.104313157489482,0.156252927354274,NA,NA
"aap_neg_outcome","yes_no_host","dontknow","no",0.150874251508788,NA,0.110591131234452,0.191157371783123,NA,NA
"aap_neg_outcome","yes_no_host","no","no",0.731267951534274,NA,0.691923610793698,0.770612292274851,NA,NA
"aap_neg_outcome","yes_no_host","yes","no",0.117857796956938,NA,0.0878167189807302,0.147898874933146,NA,NA
"aap_neg_outcome","yes_no_host","dontknow","yes",0.0990798038687145,NA,0.0728691912039927,0.125290416533436,NA,NA
"aap_neg_outcome","yes_no_host","no","yes",0.773517842795257,NA,0.733789849388049,0.813245836202465,NA,NA
"aap_neg_outcome","yes_no_host","yes","yes",0.127402353336028,NA,0.101925411514862,0.152879295157195,NA,NA
"barrier_hum.barrier_sec_route","yes_no_host","0","no",0.899222079692756,NA,0.867101426046569,0.931342733338942,NA,NA
"barrier_hum.barrier_sec_route","yes_no_host","1","no",0.100777920307244,NA,0.0686572666610581,0.132898573953431,NA,NA
"barrier_hum.barrier_sec_route","yes_no_host","0","yes",0.935194634948994,NA,0.918616483237579,0.951772786660408,NA,NA
"barrier_hum.barrier_sec_route","yes_no_host","1","yes",0.0648053650510064,NA,0.0482272133395917,0.0813835167624211,NA,NA
"barrier_hum.barrier_excluded","yes_no_host","0","no",0.959936818448637,NA,0.94486419721485,0.975009439682423,NA,NA
"barrier_hum.barrier_excluded","yes_no_host","1","no",0.0400631815513631,NA,0.0249905603175768,0.0551358027851495,NA,NA
"barrier_hum.barrier_excluded","yes_no_host","0","yes",0.983610037036398,NA,0.977998126457847,0.989221947614949,NA,NA
"barrier_hum.barrier_excluded","yes_no_host","1","yes",0.0163899629636018,NA,0.0107780523850509,0.0220018735421526,NA,NA
"barrier_hum.barrier_physical","yes_no_host","0","no",0.719143391372501,NA,0.674897517528629,0.763389265216373,NA,NA
"barrier_hum.barrier_physical","yes_no_host","1","no",0.280856608627499,NA,0.236610734783627,0.325102482471371,NA,NA
"barrier_hum.barrier_physical","yes_no_host","0","yes",0.783081705535994,NA,0.753868683081442,0.812294727990547,NA,NA
"barrier_hum.barrier_physical","yes_no_host","1","yes",0.216918294464006,NA,0.187705272009453,0.246131316918558,NA,NA
"barrier_hum.barrier_info","yes_no_host","0","no",0.326210997583246,NA,0.279962620171017,0.372459374995474,NA,NA
"barrier_hum.barrier_info","yes_no_host","1","no",0.673789002416754,NA,0.627540625004526,0.720037379828983,NA,NA
"barrier_hum.barrier_info","yes_no_host","0","yes",0.231161297972896,NA,0.200876837720096,0.261445758225696,NA,NA
"barrier_hum.barrier_info","yes_no_host","1","yes",0.768838702027104,NA,0.738554241774304,0.799123162279904,NA,NA
"barrier_hum.barrier_sec_point","yes_no_host","0","no",0.939032108259824,NA,0.913784285232701,0.964279931286946,NA,NA
"barrier_hum.barrier_sec_point","yes_no_host","1","no",0.0609678917401763,NA,0.0357200687130538,0.0862157147672987,NA,NA
"barrier_hum.barrier_sec_point","yes_no_host","0","yes",0.964114299336186,NA,0.954016720539724,0.974211878132649,NA,NA
"barrier_hum.barrier_sec_point","yes_no_host","1","yes",0.0358857006638136,NA,0.0257881218673509,0.0459832794602762,NA,NA
